"race_eth","race_label","biomarker","n","n_missing","pct_missing","n_non_missing","biomarker_label"
1,"White","z_fib1",2613,13,0.497512437810945,2600,"Fibrinogen (z)"
2,"Chinese American","z_fib1",801,0,0,801,"Fibrinogen (z)"
3,"Black","z_fib1",1880,27,1.43617021276596,1853,"Fibrinogen (z)"
4,"Hispanic","z_fib1",1491,7,0.469483568075117,1484,"Fibrinogen (z)"
1,"White","z_log_crp1",2613,17,0.650593187906621,2596,"CRP (log-z)"
2,"Chinese American","z_log_crp1",801,2,0.249687890137328,799,"CRP (log-z)"
3,"Black","z_log_crp1",1880,27,1.43617021276596,1853,"CRP (log-z)"
4,"Hispanic","z_log_crp1",1491,6,0.402414486921529,1485,"CRP (log-z)"
1,"White","z_log_ddimer1",2613,14,0.535782625334864,2599,"D-dimer (log-z)"
2,"Chinese American","z_log_ddimer1",801,0,0,801,"D-dimer (log-z)"
3,"Black","z_log_ddimer1",1880,27,1.43617021276596,1853,"D-dimer (log-z)"
4,"Hispanic","z_log_ddimer1",1491,4,0.268276324614353,1487,"D-dimer (log-z)"
1,"White","z_log_il61",2613,54,2.06659012629162,2559,"IL-6 (log-z)"
2,"Chinese American","z_log_il61",801,10,1.24843945068664,791,"IL-6 (log-z)"
3,"Black","z_log_il61",1880,87,4.62765957446809,1793,"IL-6 (log-z)"
4,"Hispanic","z_log_il61",1491,41,2.74983232729712,1450,"IL-6 (log-z)"
